year_no,week_no,year_week,1EUR,100SEK
2003,1,2003-01,7.267,79.498
2003,2,2003-02,7.236,79.556
2003,3,2003-03,7.292,79.484
2003,4,2003-04,7.383,80.008
2003,5,2003-05,7.453,80.842
2003,6,2003-06,7.503,81.398
2003,7,2003-07,7.484,81.968
2003,8,2003-08,7.529,82.62
2003,9,2003-09,7.66,83.98
2003,10,2003-10,7.8,84.732
2003,11,2003-11,7.866,84.874
2003,12,2003-12,7.864,85.47
2003,13,2003-13,7.839,84.976
2003,14,2003-14,7.856,85.142
2003,15,2003-15,7.827,85.508
2003,16,2003-16,7.866,86.047
2003,17,2003-17,7.831,85.89
2003,18,2003-18,7.805,85.533
2003,19,2003-19,7.868,86.318
2003,20,2003-20,7.865,85.746
2003,21,2003-21,7.884,85.962
2003,22,2003-22,7.871,85.795
2003,23,2003-23,8.04,88.164
2003,24,2003-24,8.185,89.99
2003,25,2003-25,8.178,90.104
2003,26,2003-26,8.225,89.864
2003,27,2003-27,8.276,89.994
2003,28,2003-28,8.295,90.632
2003,29,2003-29,8.349,91.004
2003,30,2003-30,8.304,89.904
2003,31,2003-31,8.196,89.19
2003,32,2003-32,8.182,88.756
2003,33,2003-33,8.265,89.426
2003,34,2003-34,8.301,89.784
2003,35,2003-35,8.296,89.706
2003,36,2003-36,8.223,89.864
2003,37,2003-37,8.261,90.59
2003,38,2003-38,8.218,90.432
2003,39,2003-39,8.103,90.332
2003,40,2003-40,8.171,90.93
2003,41,2003-41,8.205,91.362
2003,42,2003-42,8.245,91.9
2003,43,2003-43,8.255,91.276
2003,44,2003-44,8.227,91.01
2003,45,2003-45,8.237,91.252
2003,46,2003-46,8.208,91.502
2003,47,2003-47,8.183,91.194
2003,48,2003-48,8.16,90.61
2003,49,2003-49,8.13,90.472
2003,50,2003-50,8.136,90.886
2003,51,2003-51,8.273,91.406
2003,52,2003-52,8.365,92.003
2004,1,2004-01,8.418,92.77
2004,2,2004-02,8.559,94.06
2004,3,2004-03,8.577,93.688
2004,4,2004-04,8.597,93.954
2004,5,2004-05,8.676,94.73
2004,6,2004-06,8.715,94.992
2004,7,2004-07,8.802,96.418
2004,8,2004-08,8.803,95.834
2004,9,2004-09,8.781,95.276
2004,10,2004-10,8.68,94.006
2004,11,2004-11,8.619,93.788
2004,12,2004-12,8.49,91.76
2004,13,2004-13,8.439,91.262
2004,14,2004-14,8.436,91.216
2004,15,2004-15,8.375,91.077
2004,16,2004-16,8.292,90.36
2004,17,2004-17,8.269,90.238
2004,18,2004-18,8.213,90.04
2004,19,2004-19,8.174,89.57
2004,20,2004-20,8.169,89.24
2004,21,2004-21,8.275,90.637
2004,22,2004-22,8.214,90.19
2004,23,2004-23,8.187,89.648
2004,24,2004-24,8.226,90.126
2004,25,2004-25,8.333,91.02
2004,26,2004-26,8.333,90.998
2004,27,2004-27,8.403,91.81
2004,28,2004-28,8.463,92.15
2004,29,2004-29,8.489,92.246
2004,30,2004-30,8.485,92.29
2004,31,2004-31,8.468,91.88
2004,32,2004-32,8.398,91.324
2004,33,2004-33,8.316,90.384
2004,34,2004-34,8.284,89.836
2004,35,2004-35,8.309,90.8
2004,36,2004-36,8.357,91.546
2004,37,2004-37,8.324,91.312
2004,38,2004-38,8.397,92.18
2004,39,2004-39,8.378,92.5
2004,40,2004-40,8.347,92.246
2004,41,2004-41,8.286,91.586
2004,42,2004-42,8.211,90.488
2004,43,2004-43,8.231,90.596
2004,44,2004-44,8.193,90.554
2004,45,2004-45,8.166,90.046
2004,46,2004-46,8.171,90.27
2004,47,2004-47,8.112,90.48
2004,48,2004-48,8.136,91.052
2004,49,2004-49,8.129,90.908
2004,50,2004-50,8.19,91.45
2004,51,2004-51,8.207,91.428
2004,52,2004-52,8.263,91.85
2004,53,2004-53,8.259,91.68
2005,1,2005-01,8.244,91.36
2005,2,2005-02,8.197,90.634
2005,3,2005-03,8.176,90.468
2005,4,2005-04,8.224,90.63
2005,5,2005-05,8.275,91.086
2005,6,2005-06,8.39,92.344
2005,7,2005-07,8.36,91.994
2005,8,2005-08,8.263,90.87
2005,9,2005-09,8.217,90.752
2005,10,2005-10,8.189,90.438
2005,11,2005-11,8.166,89.786
2005,12,2005-12,8.163,89.407
2005,13,2005-13,8.202,89.723
2005,14,2005-14,8.171,89.15
2005,15,2005-15,8.204,89.508
2005,16,2005-16,8.187,89.128
2005,17,2005-17,8.14,88.944
2005,18,2005-18,8.126,88.423
2005,19,2005-19,8.098,88.018
2005,20,2005-20,8.114,88.21
2005,21,2005-21,8.048,87.592
2005,22,2005-22,7.924,86.556
2005,23,2005-23,7.876,85.828
2005,24,2005-24,7.864,84.87
2005,25,2005-25,7.906,84.992
2005,26,2005-26,7.916,84.016
2005,27,2005-27,7.9,83.804
2005,28,2005-28,7.918,84.036
2005,29,2005-29,7.971,84.564
2005,30,2005-30,7.899,83.83
2005,31,2005-31,7.864,83.988
2005,32,2005-32,7.901,84.66
2005,33,2005-33,7.95,85.278
2005,34,2005-34,7.962,85.19
2005,35,2005-35,7.865,84.354
2005,36,2005-36,7.809,83.806
2005,37,2005-37,7.805,83.792
2005,38,2005-38,7.787,83.31
2005,39,2005-39,7.832,83.624
2005,40,2005-40,7.884,84.63
2005,41,2005-41,7.833,83.604
2005,42,2005-42,7.807,82.424
2005,43,2005-43,7.821,82.246
2005,44,2005-44,7.796,81.346
2005,45,2005-45,7.761,81.01
2005,46,2005-46,7.824,81.55
2005,47,2005-47,7.871,82.674
2005,48,2005-48,7.936,83.66
2005,49,2005-49,7.909,84.052
2005,50,2005-50,7.962,84.304
2005,51,2005-51,8.031,85.182
2005,52,2005-52,8.012,84.985
2006,1,2006-01,7.948,85.01
2006,2,2006-02,8.015,85.846
2006,3,2006-03,8.099,86.832
2006,4,2006-04,8.057,86.992
2006,5,2006-05,8.07,87.204
2006,6,2006-06,8.04,86.642
2006,7,2006-07,8.109,86.668
2006,8,2006-08,8.052,85.736
2006,9,2006-09,8.02,84.848
2006,10,2006-10,7.994,84.648
2006,11,2006-11,7.976,85.12
2006,12,2006-12,7.957,84.996
2006,13,2006-13,7.959,84.696
2006,14,2006-14,7.891,84.262
2006,15,2006-15,7.841,83.987
2006,16,2006-16,7.824,84.078
2006,17,2006-17,7.806,83.722
2006,18,2006-18,7.763,83.308
2006,19,2006-19,7.776,83.336
2006,20,2006-20,7.817,83.315
2006,21,2006-21,7.819,83.885
2006,22,2006-22,7.804,84.204
2006,23,2006-23,7.804,84.673
2006,24,2006-24,7.828,84.576
2006,25,2006-25,7.911,85.67
2006,26,2006-26,7.919,85.776
2006,27,2006-27,7.959,86.638
2006,28,2006-28,7.954,86.622
2006,29,2006-29,7.934,85.82
2006,30,2006-30,7.923,85.64
2006,31,2006-31,7.873,85.438
2006,32,2006-32,7.928,86.328
2006,33,2006-33,8.039,87.32
2006,34,2006-34,8.052,87.48
2006,35,2006-35,8.066,87.046
2006,36,2006-36,8.162,87.596
2006,37,2006-37,8.319,89.996
2006,38,2006-38,8.292,90.014
2006,39,2006-39,8.285,89.258
2006,40,2006-40,8.385,90.072
2006,41,2006-41,8.416,90.876
2006,42,2006-42,8.459,91.474
2006,43,2006-43,8.35,90.628
2006,44,2006-44,8.291,90.144
2006,45,2006-45,8.235,90.21
2006,46,2006-46,8.229,90.66
2006,47,2006-47,8.261,91.052
2006,48,2006-48,8.226,90.81
2006,49,2006-49,8.127,89.804
2006,50,2006-50,8.143,89.912
2006,51,2006-51,8.155,90.536
2006,52,2006-52,8.235,91.123
2007,1,2007-01,8.251,91.205
2007,2,2007-02,8.303,91.174
2007,3,2007-03,8.345,91.816
2007,4,2007-04,8.277,91.1
2007,5,2007-05,8.15,90.04
2007,6,2007-06,8.11,89.002
2007,7,2007-07,8.085,88.06
2007,8,2007-08,8.056,86.756
2007,9,2007-09,8.093,87.26
2007,10,2007-10,8.151,87.74
2007,11,2007-11,8.113,87.386
2007,12,2007-12,8.158,87.706
2007,13,2007-13,8.122,87.09
2007,14,2007-14,8.169,87.297
2007,15,2007-15,8.097,87.343
2007,16,2007-16,8.099,87.888
2007,17,2007-17,8.126,88.594
2007,18,2007-18,8.126,88.768
2007,19,2007-19,8.146,88.576
2007,20,2007-20,8.185,88.86
2007,21,2007-21,8.124,88.326
2007,22,2007-22,8.112,87.313
2007,23,2007-23,8.091,86.716
2007,24,2007-24,8.107,86.262
2007,25,2007-25,8.046,86.238
2007,26,2007-26,7.982,86.198
2007,27,2007-27,7.936,86.278
2007,28,2007-28,7.938,86.616
2007,29,2007-29,7.903,86.226
2007,30,2007-30,7.959,86.456
2007,31,2007-31,7.969,86.454
2007,32,2007-32,7.964,86.118
2007,33,2007-33,8.005,85.582
2007,34,2007-34,7.98,85.21
2007,35,2007-35,7.952,84.788
2007,36,2007-36,7.917,84.522
2007,37,2007-37,7.848,84.332
2007,38,2007-38,7.791,84.214
2007,39,2007-39,7.766,84.328
2007,40,2007-40,7.686,83.586
2007,41,2007-41,7.681,84.02
2007,42,2007-42,7.668,83.876
2007,43,2007-43,7.722,83.918
2007,44,2007-44,7.781,84.46
2007,45,2007-45,7.783,84.024
2007,46,2007-46,7.947,85.72
2007,47,2007-47,8.038,86.372
2007,48,2007-48,8.086,86.616
2007,49,2007-49,8.069,85.86
2007,50,2007-50,7.971,84.59
2007,51,2007-51,8.021,84.83
2007,52,2007-52,7.985,84.42
2008,1,2008-01,7.934,84.35
2008,2,2008-02,7.861,83.714
2008,3,2008-03,7.91,84.05
2008,4,2008-04,8.039,84.74
2008,5,2008-05,8.05,85.1
2008,6,2008-06,8.038,85.326
2008,7,2008-07,7.978,85.182
2008,8,2008-08,7.881,84.642
2008,9,2008-09,7.88,84.344
2008,10,2008-10,7.877,84.084
2008,11,2008-11,7.909,84.038
2008,12,2008-12,8.052,85.187
2008,13,2008-13,8.05,85.663
2008,14,2008-14,8.038,85.746
2008,15,2008-15,7.947,84.742
2008,16,2008-16,7.923,84.272
2008,17,2008-17,7.955,85.176
2008,18,2008-18,7.961,85.1
2008,19,2008-19,7.871,84.508
2008,20,2008-20,7.851,84.285
2008,21,2008-21,7.844,84.392
2008,22,2008-22,7.883,84.632
2008,23,2008-23,7.958,85.244
2008,24,2008-24,7.997,85.498
2008,25,2008-25,8.035,85.682
2008,26,2008-26,7.973,84.73
2008,27,2008-27,8.017,84.878
2008,28,2008-28,8.034,85.114
2008,29,2008-29,8.056,84.968
2008,30,2008-30,8.077,85.332
2008,31,2008-31,8.041,85.072
2008,32,2008-32,8.01,84.9
2008,33,2008-33,7.996,85.236
2008,34,2008-34,7.952,84.856
2008,35,2008-35,7.927,84.348
2008,36,2008-36,8.002,84.496
2008,37,2008-37,8.061,84.904
2008,38,2008-38,8.262,86.168
2008,39,2008-39,8.236,85.54
2008,40,2008-40,8.297,85.268
2008,41,2008-41,8.382,86.566
2008,42,2008-42,8.653,87.828
2008,43,2008-43,8.93,89.158
2008,44,2008-44,8.594,86.514
2008,45,2008-45,8.628,86.716
2008,46,2008-46,8.767,87.264
2008,47,2008-47,8.872,87.082
2008,48,2008-48,8.971,86.884
2008,49,2008-49,8.988,85.67
2008,50,2008-50,9.165,86.904
2008,51,2008-51,9.61,87.652
2008,52,2008-52,9.808,90.03
2009,1,2009-01,9.836,90.07
2009,2,2009-02,9.43,88.49
2009,3,2009-03,9.388,86.306
2009,4,2009-04,9.078,84.308
2009,5,2009-05,8.873,83.876
2009,6,2009-06,8.885,83.362
2009,7,2009-07,8.706,81.652
2009,8,2009-08,8.772,79.774
2009,9,2009-09,8.773,77.564
2009,10,2009-10,8.968,77.614
2009,11,2009-11,8.891,78.57
2009,12,2009-12,8.74,79.604
2009,13,2009-13,8.723,79.716
2009,14,2009-14,8.874,81.516
2009,15,2009-15,8.834,81.377
2009,16,2009-16,8.802,80.605
2009,17,2009-17,8.745,79.396
2009,18,2009-18,8.746,81.495
2009,19,2009-19,8.675,82.06
2009,20,2009-20,8.788,82.596
2009,21,2009-21,8.802,83.74
2009,22,2009-22,8.905,83.882
2009,23,2009-23,8.892,82.433
2009,24,2009-24,8.898,82.424
2009,25,2009-25,8.905,81.658
2009,26,2009-26,9.042,81.846
2009,27,2009-27,8.987,82.984
2009,28,2009-28,9.069,82.558
2009,29,2009-29,9.024,81.952
2009,30,2009-30,8.933,82.632
2009,31,2009-31,8.764,83.498
2009,32,2009-32,8.694,84.498
2009,33,2009-33,8.696,84.906
2009,34,2009-34,8.644,84.538
2009,35,2009-35,8.618,85.08
2009,36,2009-36,8.625,83.978
2009,37,2009-37,8.613,84.322
2009,38,2009-38,8.636,84.886
2009,39,2009-39,8.571,84.734
2009,40,2009-40,8.479,82.912
2009,41,2009-41,8.37,81.248
2009,42,2009-42,8.325,80.564
2009,43,2009-43,8.332,80.67
2009,44,2009-44,8.377,81.222
2009,45,2009-45,8.451,81.07
2009,46,2009-46,8.384,81.72
2009,47,2009-47,8.371,81.638
2009,48,2009-48,8.432,81.3
2009,49,2009-49,8.469,81.586
2009,50,2009-50,8.461,80.886
2009,51,2009-51,8.422,80.67
2009,52,2009-52,8.357,80.137
2009,53,2009-53,8.327,80.628
2010,1,2010-01,8.199,80.34
2010,2,2010-02,8.162,80.118
2010,3,2010-03,8.153,80.33
2010,4,2010-04,8.213,80.254
2010,5,2010-05,8.179,80.59
2010,6,2010-06,8.119,80.884
2010,7,2010-07,8.057,81.856
2010,8,2010-08,8.034,82.21
2010,9,2010-09,8.056,82.622
2010,10,2010-10,8.026,82.6
2010,11,2010-11,8.002,82.364
2010,12,2010-12,8.058,82.982
2010,13,2010-13,8.046,82.4
2010,14,2010-14,7.966,82.315
2010,15,2010-15,7.981,82.058
2010,16,2010-16,7.92,82.256
2010,17,2010-17,7.851,81.752
2010,18,2010-18,7.844,81.172
2010,19,2010-19,7.806,81.103
2010,20,2010-20,7.93,81.883
2010,21,2010-21,8.013,82.5
2010,22,2010-22,7.904,82.546
2010,23,2010-23,7.915,82.304
2010,24,2010-24,7.856,81.96
2010,25,2010-25,7.937,83.16
2010,26,2010-26,7.985,83.594
2010,27,2010-27,8.067,84.274
2010,28,2010-28,7.976,84.544
2010,29,2010-29,8.045,84.894
2010,30,2010-30,7.979,84.286
2010,31,2010-31,7.876,84.026
2010,32,2010-32,7.931,83.91
2010,33,2010-33,7.93,83.848
2010,34,2010-34,7.969,84.618
2010,35,2010-35,7.944,84.956
2010,36,2010-36,7.88,85.024
2010,37,2010-37,7.91,85.874
2010,38,2010-38,7.929,86.444
2010,39,2010-39,7.971,86.816
2010,40,2010-40,8.058,86.754
2010,41,2010-41,8.109,87.682
2010,42,2010-42,8.152,87.736
2010,43,2010-43,8.14,87.508
2010,44,2010-44,8.165,87.852
2010,45,2010-45,8.092,86.886
2010,46,2010-46,8.17,87.11
2010,47,2010-47,8.173,87.61
2010,48,2010-48,8.069,88.04
2010,49,2010-49,7.96,87.288
2010,50,2010-50,7.895,86.924
2010,51,2010-51,7.858,87.525
2010,52,2010-52,7.82,86.992
2011,1,2011-01,7.77,86.956
2011,2,2011-02,7.758,87.132
2011,3,2011-03,7.84,87.738
2011,4,2011-04,7.891,88.828
2011,5,2011-05,7.872,88.986
2011,6,2011-06,7.886,89.628
2011,7,2011-07,7.82,89.498
2011,8,2011-08,7.749,88.108
2011,9,2011-09,7.724,88.21
2011,10,2011-10,7.771,88
2011,11,2011-11,7.879,88.152
2011,12,2011-12,7.889,88.24
2011,13,2011-13,7.857,87.794
2011,14,2011-14,7.803,86.654
2011,15,2011-15,7.844,86.92
2011,16,2011-16,7.775,87.137
2011,17,2011-17,7.79,87.27
2011,18,2011-18,7.865,87.418
2011,19,2011-19,7.82,87.214
2011,20,2011-20,7.876,87.778
2011,21,2011-21,7.814,87.674
2011,22,2011-22,7.759,87.008
2011,23,2011-23,7.855,86.9
2011,24,2011-24,7.841,85.555
2011,25,2011-25,7.858,85.736
2011,26,2011-26,7.794,84.816
2011,27,2011-27,7.753,85.296
2011,28,2011-28,7.811,84.872
2011,29,2011-29,7.815,85.256
2011,30,2011-30,7.75,85.38
2011,31,2011-31,7.709,84.784
2011,32,2011-32,7.811,84.53
2011,33,2011-33,7.839,85.056
2011,34,2011-34,7.81,85.658
2011,35,2011-35,7.729,84.588
2011,36,2011-36,7.58,84.212
2011,37,2011-37,7.708,84.434
2011,38,2011-38,7.794,84.734
2011,39,2011-39,7.832,84.972
2011,40,2011-40,7.819,85.476
2011,41,2011-41,7.774,85.168
2011,42,2011-42,7.728,84.662
2011,43,2011-43,7.677,84.624
2011,44,2011-44,7.741,85.47
2011,45,2011-45,7.746,85.4
2011,46,2011-46,7.798,85.302
2011,47,2011-47,7.83,84.938
2011,48,2011-48,7.797,85.064
2011,49,2011-49,7.699,85.268
2011,50,2011-50,7.746,85.488
2011,51,2011-51,7.751,86.252
2011,52,2011-52,7.78,86.943
2012,1,2012-01,7.709,86.742
2012,2,2012-02,7.667,86.734
2012,3,2012-03,7.672,87.032
2012,4,2012-04,7.656,86.606
2012,5,2012-05,7.657,86.24
2012,6,2012-06,7.618,86.446
2012,7,2012-07,7.537,85.616
2012,8,2012-08,7.492,84.996
2012,9,2012-09,7.452,84.466
2012,10,2012-10,7.44,83.692
2012,11,2012-11,7.519,84.526
2012,12,2012-12,7.606,85.348
2012,13,2012-13,7.605,85.664
2012,14,2012-14,7.561,85.943
2012,15,2012-15,7.599,85.458
2012,16,2012-16,7.55,85.22
2012,17,2012-17,7.569,85.186
2012,18,2012-18,7.56,84.993
2012,19,2012-19,7.565,84.742
2012,20,2012-20,7.607,83.958
2012,21,2012-21,7.572,83.688
2012,22,2012-22,7.533,83.91
2012,23,2012-23,7.598,84.542
2012,24,2012-24,7.529,85.108
2012,25,2012-25,7.506,84.988
2012,26,2012-26,7.52,85.388
2012,27,2012-27,7.511,86.462
2012,28,2012-28,7.474,87.13
2012,29,2012-29,7.462,87.434
2012,30,2012-30,7.399,87.494
2012,31,2012-31,7.401,88.862
2012,32,2012-32,7.324,88.428
2012,33,2012-33,7.314,88.73
2012,34,2012-34,7.326,88.51
2012,35,2012-35,7.294,87.874
2012,36,2012-36,7.329,86.722
2012,37,2012-37,7.407,87.052
2012,38,2012-38,7.445,87.178
2012,39,2012-39,7.398,87.314
2012,40,2012-40,7.397,86.42
2012,41,2012-41,7.398,85.682
2012,42,2012-42,7.392,85.748
2012,43,2012-43,7.434,85.984
2012,44,2012-44,7.395,85.846
2012,45,2012-45,7.318,85.524
2012,46,2012-46,7.336,85.08
2012,47,2012-47,7.337,85.11
2012,48,2012-48,7.352,85.226
2012,49,2012-49,7.344,85.032
2012,50,2012-50,7.339,84.552
2012,51,2012-51,7.362,84.848
2012,52,2012-52,7.357,85.6
2013,1,2013-01,7.312,85.453
2013,2,2013-02,7.321,85.368
2013,3,2013-03,7.41,85.77
2013,4,2013-04,7.425,85.438
2013,5,2013-05,7.43,86.164
2013,6,2013-06,7.418,86.328
2013,7,2013-07,7.379,86.752
2013,8,2013-08,7.435,87.97
2013,9,2013-09,7.473,88.586
2013,10,2013-10,7.434,89.242
2013,11,2013-11,7.478,89.738
2013,12,2013-12,7.531,90.074
2013,13,2013-13,7.505,89.603
2013,14,2013-14,7.453,89.143
2013,15,2013-15,7.481,89.652
2013,16,2013-16,7.552,89.406
2013,17,2013-17,7.648,89.242
2013,18,2013-18,7.603,88.99
2013,19,2013-19,7.595,88.898
2013,20,2013-20,7.538,87.678
2013,21,2013-21,7.509,87.568
2013,22,2013-22,7.587,88.326
2013,23,2013-23,7.602,88.264
2013,24,2013-24,7.656,88.152
2013,25,2013-25,7.753,89.67
2013,26,2013-26,7.947,90.4
2013,27,2013-27,7.928,91.196
2013,28,2013-28,7.912,90.746
2013,29,2013-29,7.882,91.072
2013,30,2013-30,7.823,91.208
2013,31,2013-31,7.86,90.472
2013,32,2013-32,7.863,90.266
2013,33,2013-33,7.833,90.376
2013,34,2013-34,8.032,92.222
2013,35,2013-35,8.062,92.514
2013,36,2013-36,8.013,91.802
2013,37,2013-37,7.892,90.69
2013,38,2013-38,7.9,91.594
2013,39,2013-39,8.058,93.128
2013,40,2013-40,8.12,93.898
2013,41,2013-41,8.128,92.828
2013,42,2013-42,8.12,92.446
2013,43,2013-43,8.124,92.694
2013,44,2013-44,8.096,92.192
2013,45,2013-45,8.062,91.818
2013,46,2013-46,8.286,92.854
2013,47,2013-47,8.228,92.182
2013,48,2013-48,8.279,92.95
2013,49,2013-49,8.35,94.058
2013,50,2013-50,8.444,93.71
2013,51,2013-51,8.415,93.492
2013,52,2013-52,8.423,93.765
2014,1,2014-01,8.392,94.515
2014,2,2014-02,8.399,94.52
2014,3,2014-03,8.357,94.752
2014,4,2014-04,8.368,95.148
2014,5,2014-05,8.452,95.81
2014,6,2014-06,8.449,95.72
2014,7,2014-07,8.35,94.68
2014,8,2014-08,8.342,93.434
2014,9,2014-09,8.284,92.942
2014,10,2014-10,8.26,93.302
2014,11,2014-11,8.275,93.428
2014,12,2014-12,8.329,94.152
2014,13,2014-13,8.307,93.388
2014,14,2014-14,8.228,92.1
2014,15,2014-15,8.235,91.374
2014,16,2014-16,8.233,90.703
2014,17,2014-17,8.274,91.08
2014,18,2014-18,8.276,91.435
2014,19,2014-19,8.208,90.672
2014,20,2014-20,8.128,90.33
2014,21,2014-21,8.132,90.098
2014,22,2014-22,8.122,89.765
2014,23,2014-23,8.159,89.898
2014,24,2014-24,8.108,89.585
2014,25,2014-25,8.215,90.77
2014,26,2014-26,8.342,91.004
2014,27,2014-27,8.432,91.386
2014,28,2014-28,8.391,90.62
2014,29,2014-29,8.393,90.776
2014,30,2014-30,8.353,90.64
2014,31,2014-31,8.384,91.118
2014,32,2014-32,8.391,90.842
2014,33,2014-33,8.241,89.768
2014,34,2014-34,8.189,89.39
2014,35,2014-35,8.15,88.92
2014,36,2014-36,8.134,88.552
2014,37,2014-37,8.194,89.158
2014,38,2014-38,8.24,89.39
2014,39,2014-39,8.16,88.84
2014,40,2014-40,8.157,89.354
2014,41,2014-41,8.193,89.93
2014,42,2014-42,8.348,91.098
2014,43,2014-43,8.358,90.874
2014,44,2014-44,8.451,90.898
2014,45,2014-45,8.526,92.422
2014,46,2014-46,8.452,91.658
2014,47,2014-47,8.452,91.368
2014,48,2014-48,8.535,92.2
2014,49,2014-49,8.712,93.916
2014,50,2014-50,8.922,95.598
2014,51,2014-51,9.21,97.222
2014,52,2014-52,9.043,94.905
2015,1,2015-01,9.042,95.225
2015,2,2015-02,9.105,96.394
2015,3,2015-03,9.002,95.024
2015,4,2015-04,8.799,93.54
2015,5,2015-05,8.8,94.324
2015,6,2015-06,8.64,91.678
2015,7,2015-07,8.636,90.768
2015,8,2015-08,8.592,89.974
2015,9,2015-09,8.607,90.872
2015,10,2015-10,8.584,92.78
2015,11,2015-11,8.618,94.174
2015,12,2015-12,8.745,94.562
2015,13,2015-13,8.612,92.57
2015,14,2015-14,8.681,93.397
2015,15,2015-15,8.67,92.708
2015,16,2015-16,8.443,90.746
2015,17,2015-17,8.46,90.686
2015,18,2015-18,8.399,89.985
2015,19,2015-19,8.407,90.28
2015,20,2015-20,8.388,89.86
2015,21,2015-21,8.396,90.288
2015,22,2015-22,8.455,91.295
2015,23,2015-23,8.728,93.206
2015,24,2015-24,8.757,94.078
2015,25,2015-25,8.763,95.2
2015,26,2015-26,8.754,94.87
2015,27,2015-27,8.797,94.746
2015,28,2015-28,8.976,95.768
2015,29,2015-29,8.915,95.296
2015,30,2015-30,8.934,95.136
2015,31,2015-31,9.001,95.114
2015,32,2015-32,9.013,94.834
2015,33,2015-33,9.08,95.288
2015,34,2015-34,9.198,97.092
2015,35,2015-35,9.4,98.35
2015,36,2015-36,9.301,98.318
2015,37,2015-37,9.227,98.138
2015,38,2015-38,9.241,99.06
2015,39,2015-39,9.33,99.52
2015,40,2015-40,9.5,101.008
2015,41,2015-41,9.286,99.84
2015,42,2015-42,9.217,99.084
2015,43,2015-43,9.242,98.176
2015,44,2015-44,9.354,99.79
2015,45,2015-45,9.317,99.284
2015,46,2015-46,9.289,99.628
2015,47,2015-47,9.247,99.352
2015,48,2015-48,9.189,99.236
2015,49,2015-49,9.192,99.63
2015,50,2015-50,9.481,102.44
2015,51,2015-51,9.526,102.392
2015,52,2015-52,9.543,103.113
2015,53,2015-53,9.571,104.278
2016,1,2016-01,9.647,104.48
2016,2,2016-02,9.618,103.646
2016,3,2016-03,9.629,103.24
2016,4,2016-04,9.465,101.884
2016,5,2016-05,9.511,101.568
2016,6,2016-06,9.653,101.748
2016,7,2016-07,9.578,101.426
2016,8,2016-08,9.521,101.664
2016,9,2016-09,9.428,100.898
2016,10,2016-10,9.382,100.794
2016,11,2016-11,9.457,102.086
2016,12,2016-12,9.444,102.193
2016,13,2016-13,9.442,102.138
2016,14,2016-14,9.457,102.086
2016,15,2016-15,9.322,101.286
2016,16,2016-16,9.254,100.898
2016,17,2016-17,9.233,100.754
2016,18,2016-18,9.309,100.77
2016,19,2016-19,9.306,100.146
2016,20,2016-20,9.324,99.613
2016,21,2016-21,9.305,100.12
2016,22,2016-22,9.31,100.31
2016,23,2016-23,9.249,99.954
2016,24,2016-24,9.369,100.158
2016,25,2016-25,9.361,100.076
2016,26,2016-26,9.338,99.138
2016,27,2016-27,9.339,98.85
2016,28,2016-28,9.343,98.85
2016,29,2016-29,9.361,98.746
2016,30,2016-30,9.447,99.082
2016,31,2016-31,9.424,98.852
2016,32,2016-32,9.283,98.01
2016,33,2016-33,9.242,97.536
2016,34,2016-34,9.278,97.886
2016,35,2016-35,9.292,97.482
2016,36,2016-36,9.219,96.866
2016,37,2016-37,9.261,96.998
2016,38,2016-38,9.191,95.984
2016,39,2016-39,9.072,94.324
2016,40,2016-40,8.972,93.296
2016,41,2016-41,9.043,93.094
2016,42,2016-42,8.973,92.502
2016,43,2016-43,9.009,92.24
2016,44,2016-44,9.059,91.498
2016,45,2016-45,9.097,91.572
2016,46,2016-46,9.097,92.532
2016,47,2016-47,9.073,92.678
2016,48,2016-48,9.026,92.304
2016,49,2016-49,8.99,92.13
2016,50,2016-50,8.997,92.224
2016,51,2016-51,9.06,93.614
2016,52,2016-52,9.087,94.785
2017,1,2017-01,9.011,94.476
2017,2,2017-02,9.056,94.964
2017,3,2017-03,9.029,94.89
2017,4,2017-04,8.948,94.36
2017,5,2017-05,8.872,94.036
2017,6,2017-06,8.881,93.752
2017,7,2017-07,8.873,93.768
2017,8,2017-08,8.826,93.034
2017,9,2017-09,8.877,93.032
2017,10,2017-10,9.01,94.424
2017,11,2017-11,9.135,96.03
2017,12,2017-12,9.145,96.15
2017,13,2017-13,9.197,96.35
2017,14,2017-14,9.164,95.69
2017,15,2017-15,9.124,95.187
2017,16,2017-16,9.18,95.458
2017,17,2017-17,9.314,97.022
2017,18,2017-18,9.437,97.825
2017,19,2017-19,9.401,97.23
2017,20,2017-20,9.382,96.35
2017,21,2017-21,9.384,96.245
2017,22,2017-22,9.453,96.92
2017,23,2017-23,9.516,97.358
2017,24,2017-24,9.46,97.058
2017,25,2017-25,9.481,97.104
2017,26,2017-26,9.548,98.098
2017,27,2017-27,9.516,98.754
2017,28,2017-28,9.467,98.678
2017,29,2017-29,9.319,97.374
2017,30,2017-30,9.313,97.346
2017,31,2017-31,9.346,97.542
2017,32,2017-32,9.355,97.424
2017,33,2017-33,9.331,98.062
2017,34,2017-34,9.278,97.422
2017,35,2017-35,9.275,97.582
2017,36,2017-36,9.29,97.776
2017,37,2017-37,9.372,98.25
2017,38,2017-38,9.33,97.954
2017,39,2017-39,9.332,97.422
2017,40,2017-40,9.368,98.042
2017,41,2017-41,9.366,98.002
2017,42,2017-42,9.366,97.456
2017,43,2017-43,9.447,97.516
2017,44,2017-44,9.487,97.296
2017,45,2017-45,9.455,97.032
2017,46,2017-46,9.641,97.454
2017,47,2017-47,9.678,97.768
2017,48,2017-48,9.791,98.664
2017,49,2017-49,9.793,98.34
2017,50,2017-50,9.819,98.66
2017,51,2017-51,9.897,99.482
2017,52,2017-52,9.856,100.02
2018,1,2018-01,9.757,99.285
2018,2,2018-02,9.665,98.404
2018,3,2018-03,9.63,97.94
2018,4,2018-04,9.608,97.78
2018,5,2018-05,9.563,97.674
2018,6,2018-06,9.691,98.086
2018,7,2018-07,9.724,97.984
2018,8,2018-08,9.667,96.858
2018,9,2018-09,9.63,95.356
2018,10,2018-10,9.646,94.624
2018,11,2018-11,9.543,94.278
2018,12,2018-12,9.522,94.202
2018,13,2018-13,9.588,93.75
2018,14,2018-14,9.61,93.245
2018,15,2018-15,9.604,93.026
2018,16,2018-16,9.598,92.384
2018,17,2018-17,9.658,92.62
2018,18,2018-18,9.662,91.388
2018,19,2018-19,9.597,92.235
2018,20,2018-20,9.57,92.945
2018,21,2018-21,9.492,92.715
2018,22,2018-22,9.538,92.79
2018,23,2018-23,9.507,92.624
2018,24,2018-24,9.448,92.856
2018,25,2018-25,9.45,91.858
2018,26,2018-26,9.481,91.302
2018,27,2018-27,9.459,91.764
2018,28,2018-28,9.442,91.696
2018,29,2018-29,9.527,92.152
2018,30,2018-30,9.549,92.626
2018,31,2018-31,9.538,92.732
2018,32,2018-32,9.528,91.92
2018,33,2018-33,9.58,91.862
2018,34,2018-34,9.68,91.992
2018,35,2018-35,9.721,91.312
2018,36,2018-36,9.744,92.284
2018,37,2018-37,9.642,91.974
2018,38,2018-38,9.565,92.106
2018,39,2018-39,9.531,92.15
2018,40,2018-40,9.462,91.088
2018,41,2018-41,9.484,90.946
2018,42,2018-42,9.444,91.352
2018,43,2018-43,9.493,91.552
2018,44,2018-44,9.528,91.896
2018,45,2018-45,9.53,92.488
2018,46,2018-46,9.582,93.416
2018,47,2018-47,9.714,94.276
2018,48,2018-48,9.728,94.512
2018,49,2018-49,9.677,94.608
2018,50,2018-50,9.716,94.236
2018,51,2018-51,9.889,96.168
2018,52,2018-52,9.972,97.05
